Commercial_District,Energy_Usage,Population_Density,Vehicle_Count,Zoning_Score_Area,Transport_Index,GAS_TOTL
D,43.49357431,110.7301969,53,-0.868292732,1537,29.15113177
E,45.12874616,82.03064036,30,0.534629086,1920,72.89535826
C,44.07606076,100.5636231,37,-2.635747739,1053,2.647824925
E,41.3600923,99.81762007,63,0.003375507,1540,50.23287154
E,50.48521628,121.7179113,63,0.327821173,1466,46.19515657
B,41.69049884,109.4939647,74,0.92427014,1864,67.16644103
C,52.70456826,99.49946083,30,-1.013895952,1163,21.09110507
C,49.49761891,116.355326,22,0.085687161,1781,35.38257689
C,47.61051953,127.804151,66,-0.925424626,1333,11.65258105
E,40.92436338,111.1562061,58,0.255383756,1546,43.38756647
D,44.23228669,100.2070524,63,-0.895346322,1797,43.39702419
C,57.55391226,73.76327535,19,-0.408100839,1347,0
F,55.00917188,78.69772674,62,-0.995815395,1272,58.02890112
E,40.22444755,93.89550591,53,0.651136242,1962,67.79123967
B,50.99332305,87.80975596,56,0.858451117,1719,78.92906794
D,57.51387123,96.26057394,62,-0.23462057,1749,65.15820084
F,33.30594719,101.1329985,83,0.038237995,1413,45.43661593
F,55.43360192,110.5938551,55,-1.448591415,1499,33.13972021
B,43.37376241,98.59002444,22,-0.299676648,1092,18.34546247
D,55.70598669,109.7300329,46,-0.050204617,1684,52.08774
E,42.36740843,101.2894883,33,2.620793091,1078,46.83433532
A,31.95117899,60.49066867,11,-1.111967026,1621,28.17136482
D,33.72457562,81.21329212,95,1.464177239,1216,71.17396828
B,50.48084947,97.11824889,90,0.996858773,1946,93.93781481
F,52.59722502,75.80610514,23,0.280636404,1357,61.77166235
E,40.95683375,111.9985746,19,1.758620484,1617,43.5324311
D,56.38592459,130.6150166,44,0.372105473,1506,30.04629216
A,33.38479938,124.375237,34,0.389159196,1558,13.57740231
A,49.33920201,95.73114258,12,-0.053120653,1180,12.64253473
C,37.889838,129.8145227,26,1.223568882,1575,8.130929232
C,43.48163892,102.9733491,21,1.096469234,1245,23.82008745
B,50.47398671,93.25828058,63,-0.625677287,1243,41.73284327
D,41.39586635,87.73194673,33,-1.319247195,1505,20.02906834
D,46.15444456,93.95060627,38,-0.202980637,1421,41.89003664
F,60.06292809,92.23646363,52,-0.800038564,1319,54.78561867
F,44.2310813,103.4083244,34,-0.063524575,1086,21.19241925
F,58.35692112,103.2114796,69,1.237438135,1216,74.26586643
C,38.70293145,100.0609204,99,-0.457301655,1489,57.31984984
D,55.29804178,108.7387634,74,-0.042823381,1518,64.76722149
D,64.41568621,123.8129255,93,0.058022735,1277,63.29104897
A,25.283555,118.9910827,37,0.848430882,1848,11.63674171
C,42.03104745,70.30204063,25,-2.246889334,1721,41.14580199
E,55.77072127,48.9215773,56,-0.606700295,1168,81.81504007
C,47.96954614,118.6863982,90,0.211283692,1329,44.91919222
E,53.71145873,72.66242603,67,1.200078956,1649,100.4050098
A,43.96014813,95.50469196,85,-0.491902448,1440,52.56534512
B,50.86589787,76.59773948,36,-1.876552706,1390,38.6082069
D,48.44322765,63.96039125,62,0.619711446,1495,90.73094424
A,61.67782062,110.8292546,51,-0.635362389,1380,47.6380659
D,52.54420843,115.1831032,68,-1.189666659,1305,27.67075063
F,53.37602662,88.46979199,56,-0.62434539,1741,64.82341759
B,45.88123034,48.17915416,43,-0.184525358,1986,101.1205645
B,45.12393776,89.07511103,46,-0.604744665,1819,56.89319043
A,45.67441812,107.8360801,15,-2.205566057,1672,14.52010229
B,53.94452142,70.42176862,16,0.897066197,1512,76.62731365
E,45.79015519,103.6671984,34,1.274875041,1747,59.89464327
B,52.89774857,99.69380302,42,0.651521991,1948,62.73813303
D,70.75400799,111.58583,64,-1.13768567,1187,55.68859064
D,58.71124703,102.3916074,67,-0.201491534,1929,77.6297612
D,46.73976468,80.53862118,16,-0.006521315,1515,42.2866985
D,62.01213922,123.93143,66,0.59879439,1912,72.45744364
E,45.91924627,96.82940854,21,0.668340489,1643,48.83903125
C,29.61875465,99.45390921,25,-0.734173799,1426,6.421798177
F,39.91913689,81.33464082,89,0.081995556,1501,68.79283817
A,31.29208079,91.13435498,52,0.457280405,1729,50.79811158
D,46.48486516,82.30394572,86,1.455822322,1259,82.07896713
B,50.18418379,96.5410788,16,0.70450654,1512,44.4766385
D,66.76437312,134.2341696,60,0.789056687,1070,41.2037286
B,53.26927374,72.56197714,82,0.083826628,1477,90.92748179
F,47.80899471,67.72877204,41,1.410459145,1177,76.93358235
F,58.29405581,129.4234065,84,0.409762796,1456,50.99080109
F,27.88864691,95.81352646,17,-0.86108791,1188,2.070651396
B,52.35614558,86.61854523,96,1.40336997,1290,85.16080787
D,57.70865194,120.7980937,98,0.697903273,1519,71.17260164
F,35.21413754,87.88768921,81,-0.443044021,1764,62.78743292
E,61.43754043,136.5201943,54,-0.479492967,1919,47.20553426
B,53.38496407,113.5585174,95,0.296575545,1978,82.5185198
B,45.84712086,90.24177184,68,0.463184795,1291,59.898022
D,56.32781866,143.1461643,13,0.197292266,1945,21.95212406
B,72.70692858,87.88570154,76,0.311308673,1755,109.5474924
B,51.81866255,114.8419074,38,1.699957375,1634,62.29434914
F,52.48220586,105.9858516,38,1.071543152,1810,66.40214284
D,45.406391,126.0348258,37,0.190635591,1282,16.89028624
F,41.50155631,131.2302239,86,0.941310581,1543,38.69001061
F,58.30335817,100.640083,88,-1.032523904,1845,78.07978226
D,41.43916174,84.93164259,96,0.39792705,1376,73.53862077
A,50.71566237,109.1994429,53,1.80930635,1657,0
F,45.22342553,86.4456926,99,-0.218045895,1155,68.88191852
E,54.78979826,140.267745,13,-0.847633929,1507,-5.921006127
E,53.33662105,102.7307066,99,-0.652088889,1412,70.43551023
B,60.37539944,92.69356897,18,-1.089633037,1527,36.85833596
E,44.89983601,103.6936061,14,-0.784761908,1354,19.2925023
B,47.30125065,73.05747421,65,-0.370508099,1558,69.36877713
A,40.21236284,80.56771923,93,-1.405567019,1762,70.20150152
D,45.5570674,124.0082782,59,0.015618334,1186,24.65733824
D,53.77300493,86.86211442,84,0.902277174,1030,74.10748397
D,57.56988617,79.06178035,24,-0.90775618,1259,50.78922054
E,40.77834676,110.7330551,41,1.519283924,1420,32.49449332
A,58.6960592,123.7140831,37,0.510792089,1528,48.17251395
E,63.55637859,114.3790662,31,1.030580586,1550,57.14095352
E,54.13434903,119.9209537,26,-0.657834554,1303,11.55405329
A,68.76795813,84.86409823,68,0.854525227,1941,113.9096146
A,42.26210801,71.56378667,99,-1.0919339,1985,95.63875762
A,37.55345297,130.026673,80,0.890247501,1943,45.31300368
A,32.21279751,93.54640322,66,0.17183934,1038,25.92983939
D,64.96044311,94.98333967,35,0.55325122,1488,68.53068921
C,56.54365656,126.5638828,34,-1.175594606,1643,15.25052499
C,49.44415329,111.1246002,19,-0.895069842,1541,26.31532492
A,52.79968626,109.1177554,54,0.597228218,1669,56.27572839
C,38.74510953,143.3000469,92,-0.948348004,1277,10.8386978
C,74.4575198,87.12963539,20,0.463206292,1202,71.38472878
A,51.29221182,118.5568026,86,-1.367137806,1065,23.06116382
C,51.09394795,101.1402625,62,0.848174213,1107,53.06249612
E,57.25766624,105.3718456,81,-1.232523315,1267,54.51650377
B,54.81009232,130.5693685,77,0.552299938,1221,41.02830866
B,52.23884024,110.1567151,37,0.625630934,1803,59.37311026
A,42.09525545,110.7659216,84,-0.696771818,1529,47.91142805
D,54.71468357,121.4501467,74,0.582026567,1089,48.58234283
A,68.82024496,92.70094541,58,0.260442263,1692,88.4896764
D,63.45420046,83.21580665,56,-0.538841856,1254,64.40476443
B,65.93186627,79.10381612,61,-1.008554684,1454,76.80170176
A,44.88784324,60.67286821,97,-1.962625692,1252,72.7420651
F,40.1039518,141.1241426,63,0.349650047,1256,10.63086212
E,48.7421308,77.93583269,69,-1.564802771,1382,45.59600607
C,50.55724912,95.57492753,66,0.095344199,1441,61.35163291
D,60.94191518,94.463734,56,-0.263448216,1857,79.42527499
F,33.0753537,106.148134,40,0.679142775,1598,28.11562375
C,65.29550319,116.3147443,55,-0.302045499,1089,48.90872263
C,48.41992101,117.2094698,35,-0.329447786,1748,33.09075191
A,45.7311893,88.33845123,14,0.731870704,1389,46.74633276
C,39.87895625,96.65756572,93,0.335058029,1581,66.72947261
E,33.45143328,105.651599,61,0.316155957,1043,25.25938776
F,58.23170584,95.02617748,84,0.46926759,1711,100.0551129
C,50.73317967,132.1469115,63,-1.535572123,1663,0
A,37.100391,109.819499,42,0.75678868,1597,27.68204881
E,37.04921228,114.6975557,59,0.612468794,1018,17.59731771
B,46.64215301,113.2576254,47,-1.016683129,1100,9.971828497
F,66.69021525,123.4694771,36,-0.244080474,1913,56.64814452
C,47.40408649,103.6204312,24,-0.039307288,1606,37.20725374
A,34.96857047,74.06336104,70,-0.134496784,1765,65.12216452
B,47.54256936,107.993759,30,0.333859967,1356,30.01386824
B,47.2727643,86.97286212,55,1.431366782,1541,65.09305862
D,23.03113357,89.42766637,78,1.081766728,1760,65.9226195
E,49.45705133,111.7272804,15,-1.312219193,1937,19.89257416
C,47.6906547,124.7656614,47,0.62206999,1032,18.3762761
A,56.96206365,100.4254315,71,1.32893332,1969,94.32521578
D,68.48956095,106.1766603,95,0.386808521,1228,91.18436802
E,61.2656503,134.0442989,71,1.090980425,1523,44.19561329
D,47.31111309,104.8150636,91,2.012270446,1629,0
F,38.93474091,152.0336623,87,1.023709546,1861,34.13276094
E,75.73359803,111.3101929,83,0.249308596,1154,78.17706733
E,50.59218434,64.78474482,55,1.045088474,1422,98.12484282
C,50.13929292,115.0668324,22,0.144887833,1904,33.2459166
E,49.75874913,107.6231677,12,0.023903043,1245,21.05997612
D,51.98084761,125.7950551,15,-0.351414236,1404,9.62809465
E,48.55639588,113.463627,17,1.563413359,1843,53.22850329
C,44.26337993,97.23088032,53,-0.818428666,1758,43.05111958
C,44.53141059,75.51403527,42,1.532367725,1540,71.88529724
F,49.6724673,95.81953485,90,0.499864124,1160,73.23032365
D,44.56575229,82.98959092,84,-1.399306175,1746,69.60077481
B,42.87154217,88.389531,86,0.367649293,1701,70.716032
B,51.06430228,111.7715681,59,-2.100026508,1116,11.14311811
E,47.45022783,133.3980901,20,0.625508017,1270,6.508794759
F,65.03992989,107.8934306,37,0.885231483,1769,76.34430732
A,23.49030192,76.08233876,79,-0.592355956,1691,48.23277847
E,60.91506852,108.8920534,50,0.123547696,1486,42.22863654
F,62.46085192,123.9326297,25,1.954157434,1884,66.98460879
D,29.26609768,87.80434191,77,-0.505746704,1171,27.34677319
D,46.57312406,97.31965667,57,-1.058907587,1949,44.32625368
D,46.28559134,100.2937639,65,1.481663402,1273,46.65270289
D,35.92488305,84.30203374,73,1.962587191,1258,0
D,42.22183312,112.9656087,68,0.003695672,1134,28.99375678
F,38.89424155,97.58103703,99,1.011463035,1682,77.55460868
F,67.52270443,108.3906489,71,1.341475916,1721,101.8046072
C,59.35678393,82.25015644,85,-0.742484233,1747,96.09979665
B,62.71555095,91.25083399,20,-0.485305835,1421,58.11643581
D,57.21672064,114.4476272,98,1.230874513,1420,74.04703081
A,38.70948229,92.54333696,27,1.685014279,1185,38.14409885
F,44.75479734,134.539277,28,0.56288086,1928,15.45957691
A,54.89374561,92.00727629,96,-0.879814354,1363,71.21161851
A,37.77872191,104.4936945,64,1.987061112,1954,70.98704253
A,57.1299843,118.6518166,91,-0.530970898,1606,65.13788706
C,47.59674602,71.63268534,35,-0.335137781,1377,55.49638854
F,46.25179192,64.78382376,15,0.342337834,1522,63.37550534
A,57.10959968,69.48687371,13,1.554160421,1579,85.87082552
D,54.44263311,125.2516821,38,0.853975977,1890,60.14421724
E,46.39033834,88.96283708,68,0.4148655,1721,72.70030807
A,61.59329803,151.1639857,26,0.46328853,1195,1.758540868
C,39.18936672,88.71504803,52,0.043514669,1880,0
F,56.15935607,103.6910261,89,0.558139515,1097,63.41840144
C,55.93101258,130.8421991,75,-2.529560078,1604,30.17765892
A,46.90453561,140.1218578,43,-0.296607459,1983,20.79579173
F,53.26133022,141.2300715,17,0.241321935,1021,-10.35512345
E,37.48886424,124.1673246,22,-1.151014084,1449,-13.74394205
A,59.24027019,120.4812505,17,0.386323318,1171,0
C,48.15097864,111.850539,74,-0.204471221,1382,43.92729605
B,44.77276979,115.5672215,52,1.755475698,1133,35.60996942
D,60.49009226,88.97628567,48,1.573019725,1425,0
C,42.95656309,83.63602233,90,-0.465805569,1024,51.42015295
F,35.91538704,99.93251085,68,-0.150837712,1502,40.88190902
A,34.43370826,96.59630755,93,-0.073947566,1184,48.58545898
D,56.06009951,90.93543901,97,-0.451659476,1084,62.87049789
A,37.19570648,113.9277489,95,0.195024984,1566,52.32420096
F,67.54794182,119.1061042,95,-0.758282069,1762,73.27428778
A,29.18070592,101.7681377,53,-1.130615335,1143,7.20009748
B,66.96456368,129.5506016,18,0.622711224,1862,42.9908523
D,52.11017467,77.16621772,46,0.629529584,1909,90.82837643
D,49.03286888,96.12681081,83,-0.80431576,1678,71.26400174
F,44.55080913,85.66355359,45,0.895355431,1411,63.02086502
B,53.99136114,62.66926766,37,-0.631577729,1223,64.78502519
C,49.62365298,98.34638628,51,0.253165238,1219,44.31642221
A,61.03301882,97.56504983,52,0.820344013,1178,61.84892496
E,51.14227649,130.2689949,94,-0.033612565,1630,60.0745837
A,51.50301761,112.6162337,97,0.454740912,1432,64.22056721
A,46.36387788,79.51626351,51,-0.516429644,1264,45.09401584
C,49.43054376,137.0818513,75,-0.196466583,1953,47.10335029
A,53.07801769,124.4206739,64,-0.205859431,1428,32.95780377
B,32.89831607,111.6419541,81,-0.746578347,1661,28.27831508
B,36.51814578,95.47031802,57,-0.176774163,1415,29.40975757
D,57.43264094,80.81121527,31,-1.548618299,1452,45.42946473
F,51.70865438,92.55586448,36,-0.491153747,1726,52.46058108
E,48.16016664,121.7749724,76,-0.284875493,1196,32.61892575
A,50.18433933,137.6917261,22,-0.256179752,1553,9.852559998
A,53.47581705,130.8648706,54,-0.241497446,1052,18.25859917
C,44.6024032,90.22301156,19,-0.0617642,1479,33.64247149
F,42.21695275,77.60765133,18,0.479441518,1442,44.63765903
B,51.95845255,102.8177249,63,0.874517074,1329,62.7619212
E,40.21627222,64.63121269,36,-0.649765227,1250,51.91975506
D,54.08252756,106.4633543,43,-1.203200855,1806,44.00791209
B,32.97416396,97.04794827,10,-1.042044412,1889,10.83453974
F,60.29155637,90.67926996,41,-0.487202921,1782,63.93009246
D,54.72597482,68.10593865,98,-0.351921318,1966,108.4211794
C,52.56029734,110.2720021,80,-0.769996066,1924,68.2061428
C,59.82690984,89.34598321,76,-1.296116664,1122,61.90423122
A,66.65474444,76.60166329,93,-0.456120827,1878,119.8699721
F,60.14370065,42.55475573,29,0.18142662,1386,95.37960516
E,31.59125769,99.4497019,44,0.595029466,1338,33.47471609
D,37.20423033,135.4450319,99,-0.557423053,1777,0
B,43.75181422,133.2251843,87,-0.412997822,1347,30.4783976
F,50.2609105,90.85807487,26,-0.926698309,1028,22.00593514
F,55.1765902,87.95575879,27,-0.03143917,1974,65.21115568
C,42.74256187,109.3754851,54,-0.848428634,1034,16.28905134
A,51.86766764,80.03229122,93,0.573127813,1517,98.00482693
A,42.44617068,106.035838,62,-1.785866492,1395,22.88293329
D,43.88482197,115.3216056,91,-0.359629672,1622,51.3745973
C,35.93338903,124.5386645,77,0.301107339,1293,23.60074324
F,40.76766754,97.99691847,74,0.183834516,1588,68.9438714
E,36.48315394,95.926525,10,2.693033664,1348,45.3301846
C,40.24126747,82.44034826,67,0.349800025,1146,57.32937707
D,60.53641797,83.46239292,35,-1.004054597,1066,45.87223705
D,40.50601111,95.47042216,29,-0.095464247,1903,47.90201914
C,76.32382065,107.3473101,96,-1.776246333,1519,84.10824722
D,54.93317901,118.2716925,19,-0.080599749,1121,13.75748706
C,51.84836124,83.93642099,68,-0.833056057,1339,59.3905145
B,41.4164222,129.8537714,84,0.915390276,1174,31.7860056
C,57.00309879,94.57752798,50,-0.549540275,1899,53.36416474
C,44.24362174,99.57265411,14,-0.116765916,1690,31.01956783
D,51.22009815,85.05576642,74,-0.635557841,1596,69.50154583
D,75.60084538,51.51519479,26,1.738851352,1450,131.3607221
A,49.039401,117.6809079,31,-0.321242766,1556,23.76684755
A,61.49273326,114.7368779,50,1.832557043,1135,0
B,42.96823575,94.37344886,77,0.814151762,1854,78.07524066
A,49.6501151,101.3398143,78,0.482066727,1015,47.54834849
C,67.70800636,110.3187844,20,0.368733147,1332,49.0089487
D,43.73032942,68.74908286,65,0.393797298,1194,71.18983882
A,68.12448558,89.41894645,60,-1.927672579,1495,70.5766979
A,57.07751935,115.8852936,30,-0.278883394,1008,14.28154545
B,44.37533224,74.91421154,85,0.845157971,1827,99.25064965
F,56.32407739,105.8711586,35,-0.048897183,1333,33.06788514
B,59.7255445,72.86836391,28,-1.405189847,1332,56.79153771
C,56.21809962,109.3285996,69,-0.052404451,1326,56.34915122
D,34.2977528,99.28717035,80,1.704105516,1014,51.66764735
B,42.72862824,67.69736368,56,1.246891716,1838,92.73347526
A,47.52481364,123.2947871,80,-0.062004009,1613,48.23777106
D,49.25566571,85.30816846,35,0.951449277,1225,62.64645239
D,56.20672098,83.79495126,49,-0.36650702,1424,62.54156267
A,51.77701001,104.0113839,14,-1.703871587,1789,23.24781491
B,36.64655641,122.972747,30,-0.924465988,1407,-11.86762127
A,53.80197851,79.68356362,87,1.562888769,1112,88.96310619
F,56.10585745,101.233597,13,-0.273993082,1996,50.46928699
D,55.59790448,108.57633,32,-0.243383979,1427,41.75224931
E,60.80780726,113.8621121,93,-0.299838196,1000,54.09989291
E,58.33922155,103.5288311,24,1.90413659,1265,54.99578422
C,54.59180079,92.65944322,17,1.625958915,1490,58.80776931
A,49.29834289,83.44819559,50,2.218780233,1207,73.12347397
A,33.39039066,101.7228777,28,-0.15904521,1621,21.20457184
C,54.29618219,78.55721976,55,0.295624489,1711,76.60959948
C,52.07687687,41.57299033,37,-1.516642549,1951,97.50213237
C,52.71578837,108.7311961,77,1.476934426,1368,67.25622195
D,37.23251424,118.0786968,24,-1.167779551,1984,13.66778155
F,39.1894346,52.74135129,46,0.216775564,1305,62.80200313
A,60.53152853,79.80538591,10,-1.097302528,1011,36.49470089
D,49.60444846,112.3830852,76,-0.588866827,1344,45.40992475
C,56.81500697,141.1499094,33,-0.837262431,1464,9.226466903
A,50.28318376,100.4158742,36,-0.607875261,1699,37.92622598
D,50.29756139,85.43994118,49,-0.539122703,1665,62.31163465
F,59.38283806,96.34207118,72,-0.548268795,1493,63.57777986
D,44.83955272,127.4975284,70,0.833333912,1367,34.8889634
F,50.96120777,87.08071642,45,-1.104862793,1845,63.43731376
C,45.37724711,84.01615987,33,0.220541427,1936,68.00869255
F,45.65503773,90.34512956,33,1.217959152,1419,53.83544786
A,46.90827877,80.93342783,13,-0.513196365,1888,44.67719573
C,52.22133772,102.4534063,76,-0.717918891,1790,68.45162986
A,45.21251378,132.4935692,43,-0.230524625,1170,2.651821141
E,62.55756126,106.4615855,66,1.179725208,1133,57.08547923
B,41.05392698,94.95292996,58,0.194107631,1964,67.07659385
F,48.13128356,94.16377462,96,-0.531214295,1426,67.77321346
B,45.60268942,68.73618383,62,0.483876651,1024,72.30530299
B,64.46977884,117.6621955,32,-1.10229215,1529,28.60470409
F,51.96554777,98.44325606,78,0.68135951,1189,49.20412851
C,60.31844539,96.39040173,62,0.408607308,1140,65.95130546
E,35.14439627,163.8621514,71,-0.307808471,1554,-8.41671189
A,52.67050266,105.9750582,50,-0.838585798,1845,41.93534053
D,58.89630796,84.964179,66,-0.886680922,1795,75.7949194
A,50.82283989,91.47284808,69,0.534817336,1657,91.14339149
D,60.65480375,122.9689142,63,1.228980502,1314,56.09238511
A,44.8271155,102.2654082,79,-0.637307747,1443,52.05192944
F,64.0934744,71.23444043,66,0.458386704,1318,93.79518483
E,72.98898124,118.3845787,19,-2.087027019,1440,14.25732985
D,46.3716144,86.63711829,49,-0.584617731,1091,36.8687741
C,45.54497479,137.4659555,16,-0.031058933,1178,-13.61740681
A,64.53384477,121.6009613,47,-0.909683417,1055,24.21361931
A,65.79572146,91.05356209,94,-0.936506375,1154,77.79374815
D,44.77139973,125.6203272,70,-0.667779556,1671,33.00296368
C,45.79813183,101.3571102,93,0.292192728,1110,55.84341255
C,47.18215391,117.0554735,12,-0.187329018,1136,-5.139115132
F,36.55549489,109.6946563,60,-2.238231233,1231,3.089480415
F,40.81348054,83.0728669,95,-2.120700153,1991,58.79402282
F,39.95859233,87.12900335,56,-0.606865178,1467,33.93666905
F,42.32202435,120.5992164,77,0.457686586,1731,53.00982447
F,49.65315113,93.30449336,85,-2.747504843,1480,46.9002396
F,52.34214733,91.92703074,47,-0.499730176,1067,39.49467362
E,65.50500493,80.89754841,45,-0.526247857,1813,78.53824609
C,40.01645959,108.4719813,50,1.388337778,1248,34.02598954
F,59.84322398,141.2504984,78,-0.385021812,1993,52.43751822
C,47.86011156,78.64934171,22,0.382988985,1322,41.0230805
C,49.5053629,100.4843891,96,0.14125714,1921,82.36635229
B,56.74819492,128.2444111,67,-2.13056648,1903,38.04829191
E,38.77277978,98.40717218,59,0.768207217,1517,57.63019699
F,53.82409746,109.0474359,39,0.215396505,1975,56.15775951
A,51.66452208,78.75212944,71,0.50826864,1791,97.09085112
D,54.92451264,108.5661419,34,3.926237706,1431,68.67857832
A,52.89168644,96.2571147,36,-2.084112939,1486,31.50045878
E,74.5530014,119.7145999,60,1.72469665,1605,85.06914617
D,43.62260016,123.747721,87,-0.287447519,1428,38.35119625
E,44.69003045,151.7912728,66,0.287328904,1268,4.869545221
C,43.76859474,111.5926635,56,-0.045512245,1708,48.63513051
D,44.44522881,106.5159263,48,-0.424236333,1536,29.58699193
C,43.62612873,103.887686,25,-0.569832928,1147,13.59090785
A,61.89016531,92.93667414,31,0.329508736,1117,50.8264091
A,64.20504248,106.7696769,94,-1.517173697,1849,78.13704512
D,44.29253706,94.0919718,63,0.750579168,1366,56.94398925
D,41.67644427,103.3692195,30,-0.416194405,1849,29.39604793
F,54.71415556,126.3519507,81,-1.130069339,1065,25.65423789
E,44.47776956,79.86914869,25,-0.450012858,1969,56.23463482
F,56.32931818,122.7975712,68,1.257149217,1812,71.49481825
E,52.02923021,126.3423013,40,-0.535335087,1369,17.50041003
F,34.84255885,97.63862946,51,0.358453618,1174,31.99467598
C,65.47505201,57.56290202,83,-0.730956276,1830,126.2277211
D,67.95877673,87.84356026,41,0.75792185,1587,81.71178576
A,43.8721131,125.9398909,68,0.685507739,1494,41.91356286
E,46.1229844,99.54263875,43,1.848608833,1972,68.92787647
E,52.85865391,80.01395535,18,-0.175563945,1113,42.99286039
A,53.3445679,89.90450158,90,0.668654805,1110,80.17512219
F,56.58544273,116.8124005,20,0.09806754,1760,28.67670179
E,70.10204539,110.9346714,19,1.295871782,1438,61.43833143
C,48.23052773,95.22135802,95,-0.718832388,1714,71.08874241
D,42.01702755,92.66351176,26,0.745005313,1146,27.32585049
A,36.20680772,92.16483702,77,-0.194697296,1034,44.04358834
D,42.6906996,81.55179631,57,-0.064188177,1998,70.517125
E,49.66873027,132.3075138,61,0.091752484,1308,20.38210549
E,67.94557864,93.55359062,34,0.252240396,1537,72.70270053
A,44.82388701,124.3431704,30,-0.116229043,1749,24.04978638
C,52.23787952,130.426321,74,0.214713183,1013,27.17328749
B,49.83577104,119.966218,72,1.578118058,1373,62.63298418
A,61.88393273,91.36759375,98,0.985449686,1556,109.3560195
B,75.26932426,108.0746018,60,0.869154592,1427,74.47399699
F,44.69131227,99.51608787,45,-0.455539526,1727,41.12397435
B,45.10560557,81.92596279,90,-0.889240828,1232,58.84433768
C,60.44160877,106.4871856,97,0.955300558,1704,98.90999237
F,56.8189149,76.41920418,75,0.876046793,1562,87.04371718
B,68.46707326,123.7535878,24,1.472670676,1938,80.76937299
F,55.83928185,90.70765405,48,-0.603980626,1886,71.6363392
B,46.40707909,104.0231931,79,-0.229548655,1725,62.16883788
C,55.90654831,105.6657574,10,-1.639484163,1662,26.92824898
B,61.08703581,94.82190053,32,-0.392471106,1439,64.41048175
B,58.20482181,111.733876,48,0.996570511,1501,63.80812368
B,55.07274031,90.50192687,66,-0.466495379,1274,64.98485857
A,60.6667469,117.4259459,90,0.640479795,1849,86.38758759
A,61.6929559,73.0804064,43,-0.190503106,1075,66.70456214
A,63.82158991,102.5275916,50,0.324057028,1438,63.56542768
C,56.48709888,138.77858,82,-1.14769139,1731,34.08418081
F,48.3288192,79.99337351,22,0.08520945,1859,58.18690823
E,51.46713686,86.44510059,79,-2.991135971,1955,54.09034423
B,62.06508967,110.278157,15,-0.186896158,1698,42.44726317
B,41.83064329,103.5916356,93,-1.630473244,1288,27.73539311
C,53.68673309,107.012602,61,1.205994517,1914,79.7485259
B,46.06661188,109.7837426,12,0.777407353,1539,27.21536066
A,50.28744823,112.6944294,90,0.466670982,1890,77.29078069
E,62.78451863,122.1939968,72,1.521006227,1691,76.9156293
D,51.91099068,108.1963731,58,-0.948916521,1252,48.19122695
B,50.46436548,95.17484691,85,1.747363198,1125,84.94157253
A,36.40143859,113.451474,56,0.932191564,1176,19.29975023
D,57.46253566,137.9976387,64,-0.236555287,1036,20.4357194
E,56.45484181,97.34732507,73,1.135620147,1409,76.95412087
D,71.63254723,80.50941391,74,-1.106293512,1610,90.7161918
A,46.92221765,122.1416134,90,-0.824514162,1609,36.9178685
F,52.19150328,97.59237672,76,-0.608589723,1126,52.41108878
F,52.49383684,56.54660908,99,-0.528977708,1482,103.0186387
D,65.7745328,116.9484335,24,-1.056557643,1167,26.65424622
C,49.04704468,89.29343628,41,1.223083067,1591,72.85144633
D,52.79021526,98.18933435,77,-0.2588544,1293,66.36781875
B,56.0789651,106.6396066,27,0.352504968,1844,50.06618868
B,51.86609123,103.8099936,92,-0.570351366,1637,70.97462899
F,45.53566385,114.1890363,52,-1.820603301,1342,14.50780563
C,51.94089993,91.29027259,44,0.270057358,1309,50.89654455
A,60.7363175,110.262116,87,-1.912254975,1661,55.02247869
B,39.73484701,94.80906645,67,-0.068634046,1527,58.50582612
F,51.32969674,114.7762096,42,-1.368315039,1539,24.39899739
E,42.99879185,112.3073497,23,1.987275999,1418,38.84526922
F,61.95046629,81.29122596,43,0.911362722,1443,79.10082594
B,34.76813095,121.7196423,70,0.105753791,1684,24.82715886
B,44.41078153,89.2807311,13,1.263706678,1557,44.86817086
F,53.77211875,116.161156,97,-0.846315977,1839,66.18435102
A,65.65524029,107.3457463,68,0.543479379,1235,64.07338509
D,49.34249739,136.7636735,38,0.199810434,1438,13.88893833
B,44.44800473,95.53068035,92,0.264020081,1213,53.50073627
F,68.81157069,93.01366408,15,1.2723535,1084,55.30625146
F,35.519861,99.61160788,58,0.732492103,1793,56.40402416
C,28.01194043,93.93640434,49,0.288723663,1743,41.16139428
D,54.4001445,115.998838,92,-1.654887436,1084,32.49284478
E,44.97945776,67.67378783,74,-0.960046295,1920,79.74703454
A,39.78767183,78.92635162,78,-0.122708934,1488,61.88001781
E,57.08356447,78.64394157,36,0.093372374,1064,54.57250663
D,52.43800714,119.0061518,89,-1.130203725,1645,53.49124231
D,44.35921369,134.2122675,15,2.411676676,1662,31.97923768
D,37.19695601,97.91101563,22,1.516394055,1626,38.76881659
E,58.72457328,96.62356554,73,0.60211832,1063,61.81435658
D,56.50201178,101.4010433,71,0.072036861,1342,64.50116633
F,49.00824136,123.2375661,28,-0.21220897,1938,26.12007224
E,68.46636996,81.45293732,85,-0.95191846,1874,103.6068463
D,39.29915234,104.7673797,89,0.077480519,1918,72.78626472
F,34.74474829,119.5039526,52,0.25775254,1351,19.33363842
C,43.0809193,110.0218834,83,-1.241760575,1157,28.26186225
D,49.54413984,103.7916323,98,0.334176417,1588,70.04183111
E,52.43339449,120.0209219,29,-0.155259049,1490,25.60772826
B,47.58763942,45.93535414,77,-1.907807558,1657,94.80209487
D,53.52055397,113.5575064,53,-0.860385011,1854,45.01664121
B,37.48460576,86.91848634,32,-0.413605533,1462,37.92625296
F,64.43764604,63.38734206,11,1.887687657,1224,94.17590462
C,49.17848822,110.224052,31,0.556553125,1916,57.69913967
A,61.17295832,127.4731709,66,-1.335481569,1312,31.9604132
C,53.42725346,97.25102971,81,0.486036289,1614,83.02920178
D,54.56753219,119.0574909,16,-1.547303989,1918,27.37294243
B,55.6976728,132.2455652,87,1.082691054,1858,73.34463546
B,54.4770856,126.2982891,65,-0.471124652,1812,43.97645441
E,56.4272276,132.7992906,76,-0.093636189,1939,54.46416458
B,63.2915253,114.8425498,25,1.325796648,1465,54.97653175
E,51.9652117,101.5086728,92,-1.287163569,1087,40.43687302
F,57.09003758,67.96068376,60,-1.397118185,1882,85.91202165
A,49.10264306,95.07875024,91,-0.583599326,1302,0
D,64.40117215,83.13506809,89,1.038378851,1679,105.0708714
E,43.23607698,143.4188543,81,-1.519346075,1434,13.14715865
A,68.00940433,96.48228375,21,-2.832155598,1681,42.64577331
B,49.59842049,102.4640961,62,-0.451158858,1134,35.75641602
B,35.69224898,111.0297075,84,0.5517408,1049,35.7112949
A,51.28104415,100.8720489,14,1.20026175,1431,42.78796997
B,43.18948343,133.9010208,36,-0.463161362,1339,4.394901685
F,58.40643549,87.54701277,21,-0.411426607,1346,0
F,43.47376021,103.8921491,26,1.153900734,1645,35.94344669
A,45.53816567,85.15058829,15,-1.8697417,1346,0
E,31.10459269,73.59954978,14,-0.388520775,1648,29.97252439
E,45.47693681,87.76461818,66,0.19042389,1244,56.99903138
A,25.76120673,99.25926406,37,0.449218721,1108,4.097364541
E,34.16097177,91.41395551,87,-0.509806693,1824,69.72462012
E,57.60414656,86.1515804,78,0.034441012,1798,98.68843077
F,57.85800159,71.87365073,68,-2.488327353,1532,63.30855197
E,54.25457562,98.33788855,42,-0.658248412,1089,26.84964275
C,40.33023857,69.90559252,71,0.453508713,1295,69.42853624
D,49.52288644,115.2011193,59,-0.982294034,1111,22.4461412
B,49.96397461,101.6487951,28,0.058984222,1812,48.78860492
C,38.41635311,70.84897001,95,0.446872501,1588,95.29483685
E,65.03398302,93.81581846,78,-0.342549201,1176,77.79223146
F,58.77362291,84.95687189,75,0.170463771,1342,86.87533282
A,47.79035826,106.3834902,56,-0.962732565,1659,42.0185891
E,50.26885839,126.8090089,48,-0.20661128,1100,6.862816484
F,52.08382808,62.49655061,77,0.61021617,1757,108.8370222
D,29.58265132,102.3005216,42,0.156972961,1628,30.36894262
E,47.52822617,96.79734409,22,-0.58653127,1603,32.5630688
A,43.18015752,113.4268015,93,0.224216404,1400,54.33236369
F,39.9837999,104.2639326,63,0.714609791,1027,32.43177016
F,47.18899707,84.96061337,16,-2.049941279,1936,29.08983376
F,67.97686527,93.61892129,88,1.159074065,1961,120.4811216
D,56.40842861,84.07948286,96,-0.336254739,1536,92.68921787
E,44.2882101,121.5201428,23,0.425489933,1057,0.11619864
D,55.72582781,100.426233,96,1.197246924,1497,90.23392001
B,63.99355437,138.0238137,28,-1.371673697,1296,0.839161085
B,59.24633683,98.78678372,63,-0.709441002,1133,56.05799178
E,50.5963037,85.83186466,29,-0.288548696,1330,42.09230696
D,43.53063222,69.72571215,38,-0.783753521,1248,52.32243146
A,56.98223314,63.93720647,33,1.734936576,1549,105.1920196
F,53.93485385,68.31728114,91,-0.856772094,1901,103.625049
F,58.9519322,105.342533,72,-0.555546779,1940,70.07058077
E,56.35171802,110.1745005,83,0.204389032,1074,44.81686218
B,60.49552715,68.37618596,66,-1.202149526,1653,81.10200319
B,44.64764788,117.9007663,17,-0.395680712,1833,11.92058319
F,63.17394066,90.33877897,99,0.317453261,1167,98.11458636
E,51.97599605,102.9358602,71,-0.332860404,1770,65.87302596
D,70.75260873,132.2444126,38,-0.093386859,1502,44.18175445
B,43.10812182,117.9367863,83,-0.529332112,1884,39.00489096
D,67.35963803,94.62938704,26,-1.514470309,1354,37.61352077
B,51.97910783,82.17615549,75,0.321593211,1224,78.505336
B,43.48581996,56.96369197,15,1.754933072,1663,82.98523166
C,45.16114166,85.61693362,67,0.018401631,1530,64.54781301
B,46.79652692,95.77739522,78,0.225264117,1145,57.96076909
A,54.24165946,80.25640946,37,0.692722755,1959,93.26108037
E,55.22835488,97.37486066,71,-1.269330497,1240,47.27562005
E,44.26299996,101.5370377,50,1.702514658,1883,70.74796542
D,49.75645408,95.50288036,78,0.202328796,1892,82.05171316
B,71.42270359,86.99994838,91,1.631856899,1343,130.1764028
A,67.2754317,103.3730934,99,-0.733032996,1748,82.14493201
D,54.3632367,108.838813,93,1.818061923,1034,77.28156794
C,50.38003478,78.19201845,50,0.775155494,1701,81.10997067
D,51.20031327,128.2186476,58,0.553040086,1000,26.22971733
D,56.13517973,98.02823735,58,0.234024454,1995,76.84300756
B,39.77207435,100.3769925,85,-0.248528618,1152,41.75478392
C,47.42623463,114.1642885,80,1.200531658,1428,63.98242026
D,33.31415926,104.6643226,12,0.14035987,1944,37.53368272
A,53.99223123,119.0627327,19,-1.967069704,1507,8.61997524
A,56.4719594,105.7424833,98,-1.117186462,1125,50.51017203
E,45.16813538,87.75125251,44,-0.185845752,1490,46.72350451
C,65.73986763,107.2300705,89,0.309998983,1481,82.86670405
C,37.74234337,77.12547585,11,-0.056588489,1344,19.86633061
E,35.3562512,102.1711941,33,1.21897079,1911,45.05980308
D,52.24451819,99.33540019,83,-1.951101864,1737,60.98822844
C,60.47098303,95.83766285,47,0.143587937,1220,51.05976812
A,66.83927691,97.42924977,31,-1.817979225,1914,62.24635348
A,45.41115737,62.36301909,35,0.759712295,1918,89.67897063
B,60.78680833,89.02550185,52,-0.094458714,1722,74.76801477
C,49.6149153,101.856898,64,0.419609972,1024,44.26083148
D,48.273727,103.1971278,48,-0.863882961,1527,44.53354956
E,58.83659937,79.44649718,38,1.279464932,1181,77.93910989
E,56.52322878,125.3141568,29,1.041724664,1498,37.477714
D,34.23607843,82.67650304,50,0.583544303,1840,59.78911813
F,64.7654035,119.389144,63,-0.129517247,1640,61.99504187
B,63.80091354,108.5438872,29,0.579857285,1041,38.69574152
E,43.74437298,87.0754538,28,-0.706892568,1914,36.66021133
C,53.95803533,135.5062179,93,0.855555659,1480,66.01111426
B,54.94030186,76.12726336,75,1.649480894,1929,117.6679855
C,52.60673766,118.3830835,39,1.07061056,1847,56.02846034
A,44.49694846,120.0116464,62,-0.72960247,1747,33.21145762
B,43.28376632,86.58759582,43,0.361417317,1871,60.2390321
E,49.74445929,127.849306,31,-1.293141544,1438,2.192868505
B,61.72729019,94.99906971,76,0.572390311,1401,75.83042177
B,55.43600155,105.7738726,15,0.450603413,1545,51.64557041
B,46.29385668,105.2064368,88,-1.86981634,1344,30.83675521
F,57.71698711,97.31382517,36,-1.161783844,1892,49.39165453
B,21.51457379,116.2161655,19,-0.283138897,1044,-31.36812881
C,61.487657,115.8697744,82,-0.300859747,1645,74.87115003
A,32.60286221,65.02936054,57,-1.209476935,1020,34.17772187
D,46.37559059,126.0868049,79,0.388978729,1633,40.98037313
B,38.80330105,66.75016024,68,0.251473609,1069,0
E,37.05318524,120.6509241,68,-0.194269132,1863,39.54539484
B,61.60826787,122.5341027,11,-0.7557915,1872,32.69689904
E,45.32298799,78.1806714,38,1.048707126,1047,56.31879094
C,53.46503882,91.78371424,77,1.655407113,1490,102.4569558
E,49.53079421,77.88590663,74,-0.483561484,1550,86.71808739
D,54.77040827,95.70157939,92,-0.612166917,1286,64.18798052
A,50.76821891,93.83931432,35,0.491207665,1009,46.65191286
E,37.17007776,115.5932106,98,-0.35802938,1541,45.69507194
E,59.96266819,126.2061749,19,-0.139397201,1755,34.24176897
A,45.06243417,127.9136762,62,0.739653152,1273,19.86915739
D,34.43418101,88.75663947,88,-1.909356088,1955,53.02021594
B,45.71884839,95.81556253,68,1.318302325,1599,69.29907335
E,65.00759791,66.33123616,31,0.072680524,1755,97.96122788
A,58.50221742,83.88259867,60,-0.411493145,1380,75.73705303
C,46.51347866,119.2970327,57,-0.089234154,1328,17.45377496
A,46.50742296,132.3116565,30,-0.037570645,1478,8.813701602
C,46.78364949,75.31302256,31,-1.731201303,1014,30.10725582
D,70.76747984,88.15071482,39,1.494938227,1515,93.36639141
B,53.81935452,99.47188486,34,0.041325632,1190,41.76429209
A,54.30041647,105.6032232,37,0.44300213,1167,40.37376987
F,60.30283454,83.8079296,74,0.951549771,1520,99.14085663
E,52.38789159,108.4812209,54,-1.021162458,1620,40.11229373
D,47.40957854,90.52321306,77,0.473471899,1136,55.70473877
A,48.03650151,99.71095458,16,-0.267641091,1153,12.1809765
E,49.28398741,110.925685,58,0.846770775,1387,53.02470724
A,49.62777763,100.1284454,18,-2.12722742,1208,3.515593919
C,57.27629544,91.27228219,45,-0.0990943,1271,54.66022455
A,50.51945886,97.80780392,92,-0.602820656,1142,54.48945072
F,57.32640077,98.23274082,10,0.432262951,1610,46.30217355
A,49.1928342,92.5997794,19,0.470044187,1888,61.02657836
A,50.7863519,94.82407875,45,-0.707625895,1819,53.40187993
F,30.01799315,131.9729434,82,-0.712173864,1068,-10.34382515
D,59.16327675,111.218389,55,-0.110665369,1246,0
A,53.46488476,94.09039364,41,-0.896642227,1260,37.19474121
F,59.9801011,113.9390881,41,0.841983695,1787,63.51166713
E,21.03744622,93.3236102,15,-0.3692072,1078,-5.228133175
C,70.88374705,123.4624928,57,-2.906988219,1657,35.32781728
C,48.60410372,107.3928438,47,-0.374822057,1622,42.26834719
A,61.08182817,97.85395712,26,-1.038543821,1769,44.80497244
D,39.60094073,108.9543385,83,-1.631275815,1604,32.56655265
D,56.12773905,68.58247696,36,-1.237426638,1524,66.88066914
E,39.46584437,77.46465062,63,0.109408472,1771,63.33450879
A,43.76231039,76.12149987,59,1.328640828,1937,93.51820632
C,69.14031354,102.8588619,44,0.313184474,1620,74.91708683
D,48.09317599,134.6503,94,-0.606503388,1329,31.00297459
A,52.17432873,144.6260029,34,0.455904195,1188,9.293228584
D,58.70067731,112.761022,37,-0.45909031,1094,28.63328462
F,54.95681888,110.0168895,24,-0.694600369,1616,38.85902686
D,51.50418905,63.97884532,13,-1.154362668,1007,30.82037635
C,53.64961002,89.14652401,82,-1.751828807,1066,49.20364759
B,74.03415585,84.24432496,36,-0.389923707,1495,80.81862392
E,49.42381203,87.58304803,35,0.15805349,1190,38.67639844
E,52.01099047,96.63712363,28,-0.09662367,1365,43.86872797
C,60.50654396,90.55818845,26,-0.415966928,1767,73.63499925
D,61.05525933,60.41400379,52,-0.945746061,1520,86.99261718
A,61.87030306,114.9582051,50,0.608246192,1989,75.55536693
D,56.38730222,78.54513949,51,-1.31713192,1116,51.05992426
C,38.56995087,104.7849373,59,0.776027914,1266,34.12834701
E,66.33431532,141.4816534,93,-1.002217019,1610,42.08988409
D,38.53654607,81.61230817,49,-0.752435237,1484,38.92078896
E,53.02635465,49.39424955,48,-1.466785191,1508,71.72858214
A,42.4572415,94.27991556,32,-0.501402147,1297,0
E,49.35861653,122.0191927,61,0.975312458,1908,58.5325618
E,53.2876241,139.1669491,56,0.515628088,1163,18.9282739
B,53.21357215,75.40900811,72,0.978422112,1375,95.00907034
B,54.21920754,109.9339845,78,0.522142546,1652,65.28853142
F,66.13711269,90.69379086,52,-1.103669829,1267,55.94848406
B,54.53534302,97.88103291,57,-0.330789224,1548,59.11005439
E,47.55843365,152.8868669,43,-0.780199129,1073,-14.20751951
C,59.64087168,69.94059343,49,1.330574904,1507,0
E,61.89470489,105.0747932,84,-1.196788646,1072,53.64755053
C,37.72392185,109.3538634,70,0.893697689,1307,41.32318104
C,55.9740007,121.7157265,59,0.89295387,1198,46.16693762
B,57.01172742,101.9596631,76,1.829620202,1129,78.020809
D,47.02436497,106.1610108,71,-0.409686593,1757,50.46370203
A,63.75706813,92.16702865,67,0.71232216,1823,98.31847654
B,48.49944413,105.3825388,42,2.281651837,1571,59.47137697
B,51.25576453,93.13615449,84,-0.617641677,1790,76.92698979
D,48.26928176,112.4314378,25,-1.535040248,1614,11.14434569
A,50.15579048,92.60779328,91,-1.880010034,1807,79.70752172
E,39.03724913,107.5420079,57,0.712712029,1831,51.16874102
F,35.59949117,99.41474373,19,-1.883150208,1486,-8.585105484
F,65.94505063,122.521005,91,-0.372319053,1852,77.78316516
E,41.53038652,98.97212553,47,0.437313187,1150,35.628689
B,40.08607651,64.53935064,28,0.185175537,1668,70.7303864
A,28.46609886,125.23843,45,0.425444864,1205,-6.074238733
B,43.61038252,81.88535398,68,0.222289856,1985,74.68493453
C,36.76910207,86.92467323,72,1.278865813,1178,62.79602709
B,66.4201516,88.08677412,86,-0.952316381,1196,71.68860529
B,60.09817089,127.4887619,55,-0.676995138,1734,40.69606699
E,43.11849655,57.28651572,12,-0.772659445,1088,35.5382864
E,72.52435805,162.7549707,83,0.830191812,1798,60.21900398
E,59.81765487,121.1211362,74,0.900398588,1433,67.32408507
F,46.75168616,104.4647783,17,0.451225319,1787,35.73428255
C,25.00594285,98.90211999,60,1.183493667,1747,43.76172584
E,72.90942573,105.7110815,90,-1.178040867,1182,71.53068523
A,36.10427533,110.4224486,82,1.667224112,1208,49.64740245
F,33.54601253,112.9043117,15,1.523238622,1492,0
D,60.22570432,111.1120893,98,0.735621997,1129,75.78742258
A,74.39752406,101.7916136,48,1.781798909,1664,0
A,63.84272819,96.05323159,69,-1.656623208,1012,50.02562705
E,55.6390912,96.97453433,37,-0.524448136,1633,53.70072823
D,55.94754342,96.10183439,63,-0.735303461,1870,62.59143415
D,58.53415559,122.6754019,46,0.721479324,1731,54.49659689
F,57.5892859,111.8711344,18,-1.05014074,1105,13.65636586
D,52.81191424,41.19222731,91,0.757495149,1374,128.3601727
C,51.04201104,113.1180155,65,1.370536144,1581,60.92960839
E,49.37406872,103.8947239,68,0.6952029,1706,64.96993598
D,42.46035411,99.62582487,94,0.283751024,1697,69.1287719
F,47.19324923,92.22963094,11,-0.987873341,1098,14.09153042
C,33.07043186,122.4822544,70,-0.846850966,1593,21.18961032
B,49.01660373,118.9505292,67,1.249618905,1586,55.1983896
B,40.11408893,84.54244664,69,0.779349004,1885,83.88625101
C,38.96410683,108.1410457,49,-0.039019519,1851,40.50129545
F,51.79894151,80.56686531,45,-0.417909546,1191,51.13471322
C,63.92002286,72.4076367,46,-2.025807873,1324,60.18291819
E,59.18316606,87.46565551,88,-1.070852419,1978,0
E,34.29499396,117.2478694,27,1.911419087,1725,33.34777715
B,40.10371863,119.0625009,72,-1.280455571,1826,42.22903306
D,59.40771188,110.2617084,31,0.189479821,1955,54.86356253
F,40.17512606,114.5019157,20,1.007443973,1466,23.25356693
B,47.7536685,110.3235657,67,-1.254922668,1893,44.14031788
D,55.50052099,87.1703681,66,0.184710475,1366,68.34500052
D,40.31655545,108.6384509,86,0.937915538,1317,0
E,51.05375506,116.0081905,13,0.012499322,1143,10.05970929
A,36.65974505,115.0858266,95,2.868403056,1383,84.18793112
A,43.98632356,123.7782674,16,-1.668599259,1215,-19.39574734
C,53.19781934,114.1660769,70,1.05872853,1360,53.24091331
E,34.07006266,107.0289642,63,-0.172801737,1323,26.08794009
D,54.40474738,121.4030048,97,0.771920155,1014,44.4292944
F,49.80362201,99.46957482,77,0.441307152,1216,59.12197416
A,55.52489954,82.36250698,88,-0.733156197,1491,82.21843831
D,52.23914134,96.73866072,10,0.228996392,1950,55.05900687
A,63.6414043,85.1019471,64,-1.857901451,1546,72.95722421
A,51.25224503,86.4964345,12,0.603247501,1182,0
A,45.70594459,97.10962659,87,0.298158466,1269,60.95794682
F,51.22297503,84.15160158,47,0.638660169,1944,78.52228631
E,55.43298029,93.84076941,10,1.058118325,1466,45.3678313
F,50.4886007,62.12770666,47,0.36761984,1869,95.67982781
B,50.40591691,104.2658741,94,0.14808942,1611,67.51736743
D,42.98008312,100.0241095,38,-0.881068337,1518,25.21299427
E,43.37099082,83.65822738,14,-0.712220764,1541,26.25052965
E,35.97394728,113.1849134,83,1.18673462,1466,52.71656818
E,67.49576743,118.7514028,30,1.436335406,1304,63.48430327
E,37.56136765,67.84880271,80,-0.238110436,1984,81.42555473
F,43.07094802,84.74550443,76,0.046002747,1143,47.37366914
E,42.81592734,84.617153,56,-0.904614375,1110,0
C,58.94924377,81.20193798,93,1.172756845,1231,101.0135996
D,47.05050322,116.5894968,92,0.665416824,1690,0
E,62.47742073,96.12347722,44,1.941217436,1583,84.74469488
D,43.26509376,94.70970317,77,-0.878323077,1721,56.4939227
C,52.78994162,59.92275271,78,-0.378007899,1731,104.3972008
C,41.64652947,112.7083606,10,0.231445923,1591,20.05576057
D,71.45149128,75.2148321,77,0.646489538,1499,105.7295754
A,38.12401581,101.1986526,21,-0.215667638,1594,19.10852332
B,53.0982071,105.5475388,69,-0.87296109,1553,52.70925058
A,56.33776881,127.2131719,36,0.881407529,1272,26.2189798
A,54.13799097,73.82359202,65,0.721135363,1702,105.3339173
F,48.14712341,39.60975688,32,-0.916274101,1172,64.90895218
A,48.701793,103.6769909,34,1.355442801,1972,65.00852346
E,50.43811472,136.0102236,30,1.170198709,1006,11.37965634
F,48.52997998,124.7789271,70,0.134296497,1154,26.41937536
F,59.63879117,104.1931883,72,0.079597862,1521,61.40511214
C,72.10523002,90.16727629,61,0.554057771,1545,94.63976007
A,44.42508215,116.1424519,97,-0.86170307,1547,51.83630911
C,36.3019702,80.52907601,34,0.030031479,1920,52.3549426
D,49.11717952,109.5271554,64,-2.152383545,1517,23.07288416
B,75.79709338,110.1094032,55,0.876455646,1919,101.331907
F,41.96325432,121.2041981,41,-1.561493222,1913,14.01373996
D,66.39116805,155.1932008,64,1.503419828,1214,36.41823526
D,66.77700814,107.8483193,14,-0.330120094,1133,32.2898338
E,44.46411758,89.82072749,45,-0.211666982,1284,44.25744034
B,55.68983079,99.48851376,58,-0.627733906,1125,55.61821454
D,66.28396623,64.6184819,67,-0.288038874,1920,120.2017658
D,46.20872259,86.10573738,48,1.418531345,1438,73.69039049
B,47.9641964,91.81435124,89,-2.487808657,1848,56.63763713
B,44.18319086,89.51823204,94,1.276965386,1685,86.59555673
D,39.85243269,103.0470974,70,0.338023481,1151,38.60713284
B,43.50722455,83.55160135,18,-1.207021648,1330,22.73302148
D,37.76059733,122.4206133,15,-1.075312393,1537,-15.15946152
D,50.34083468,100.0041413,44,1.676393027,1382,59.7531462
E,42.30026769,99.81399358,48,-0.94550688,1114,20.87064557
A,52.33785912,93.44210567,31,-1.153350511,1893,50.61020827
D,34.44104354,103.1038137,50,1.137314542,1481,42.17078599
C,53.30880232,116.5019653,14,0.338552876,1283,21.09934297
F,58.33528962,82.65739569,51,-0.937925577,1898,74.40213193
A,30.06264357,86.83767022,96,0.216624975,1074,46.42178274
A,53.7405657,93.92547942,90,-1.025752684,1165,53.04601147
A,62.27668992,73.08258153,85,1.100821398,1188,114.3380519
E,37.90358981,83.61484281,96,1.061370965,1077,69.583395
D,66.72572387,90.47558253,89,0.532006199,1946,114.7661993
E,54.19019009,117.4877836,76,0.361661061,1601,56.04065143
D,42.94988144,105.2512266,39,1.761188125,1687,69.73904723
E,49.44230922,103.8717982,66,-0.000313673,1020,34.4635556
E,55.58326913,117.0179592,95,-1.181874125,1565,53.57257467
F,50.76005391,97.25256423,82,0.449473913,1183,66.17393662
C,55.38755992,107.809297,38,2.08604705,1870,79.17916963
E,40.79326407,97.93556494,46,-1.014759493,1221,24.87553027
F,51.69360824,105.307247,96,-0.361462767,1826,85.98994717
B,35.86285503,88.34482685,22,0.416446038,1327,29.86481322
C,48.88773939,51.22365683,41,-0.053904849,1178,67.70715931
E,40.96092359,97.31441676,55,-0.98230358,1787,41.30381347
A,42.64470057,128.4549627,32,1.121857856,1111,10.49741094
B,62.36093175,118.524308,54,2.320040722,1735,92.60520909
B,60.91310121,119.3079497,26,0.196131459,1725,37.37164889
F,56.09138121,124.7226144,94,-0.90406829,1058,43.24376553
B,39.07687235,101.7731518,75,-1.548960525,1326,28.16369197
C,46.8359155,103.9463141,15,0.257975981,1904,44.43495977
E,62.130977,87.64696209,27,1.103877343,1620,77.06840258
E,51.41716914,93.67854288,31,0.475167746,1896,59.67728297
A,73.1932954,112.315423,42,-0.002403841,1668,72.74994157
F,53.93317839,124.0776887,39,-0.589271652,1190,18.0371017
A,51.92049116,97.21107449,90,-1.092163633,1199,59.44437831
B,46.90883536,90.9962147,41,0.834751326,1311,51.60462075
A,51.33540905,100.0105592,51,0.913771621,1707,64.44264961
C,48.47530164,112.024135,87,-1.545729787,1034,19.81982114
E,57.08108677,71.12290368,19,1.589838978,1378,82.4342373
B,59.56702317,54.07638094,45,0.574071221,1386,100.1594827
A,42.14010539,88.98926301,43,1.399594645,1757,62.75374935
F,36.68767046,75.58575148,82,-1.342127748,1236,45.52245752
C,31.63794627,89.83719605,37,-1.365824155,1615,17.05374307
C,55.07991327,97.04439362,20,-0.14896931,1518,35.09576577
A,38.96633394,90.93503182,87,0.502784427,1282,56.91100756
E,28.47109407,129.0493507,48,1.796360823,1000,-2.779711222
A,53.88578605,106.5348953,56,0.706078914,1730,64.3334211
B,74.92999517,106.0094872,28,-0.242681277,1463,56.8781042
A,49.93929088,112.4441429,24,-1.026369208,1229,0.443118076
C,58.38490774,77.22333764,37,1.230000573,1966,108.1761761
A,50.81829359,120.7822357,33,-0.964705426,1171,12.6018131
E,49.01110347,98.48471427,81,1.628468555,1086,65.49514119
F,59.19076483,113.4096123,18,-0.28438465,1552,34.37948841
D,47.09725456,78.56285534,56,1.590582073,1122,73.31956737
A,52.67392314,68.92482468,42,0.67893129,1842,97.0735902
E,53.21697806,116.3577932,71,-0.136995489,1297,39.72115912
E,43.31909546,107.5281905,28,-0.519396372,1884,36.74693234
F,59.9204235,81.95896891,76,-0.340907877,1928,96.02872777
C,48.25040243,82.60673837,83,0.428316692,1689,81.58894712
E,42.44254841,122.5086957,49,0.077156496,1574,29.03634929
